{ 
    "task_details": {"name": "semantic_slam:active:ground_truth",
                    "results_format": "object_map"},
    
    "environment_details": [{"name": "miniroom", "variant": 1}],

    "results": {

        "class_list": [ "bed", "table", "sofa", "chair", "toilet", "desk", "dresser",
        "night_stand", "bookshelf", "bathtub"
        ],

        "objects": [
            {
                "class": "bed",
                "class_ID": 0,
                "confidence": 0.9651705622673035,
                "centroid": [
                    0.10469982028007507,
                    -0.4697655439376831,
                    0.16106495261192322
                ],
                "extent": [
                    1.8233472108840942,
                    1.2424360513687134,
                    0.8516739010810852
                ],
                "label_probs": [
                    0.9651705622673035,
                    0,
                    0,
                    0,
                    0,
                    0,
                    0,
                    0,
                    0,
                    0
                ]
            },
            {
                "class": "table",
                "class_ID": 1,
                "confidence": 0.9022594094276428,
                "centroid": [
                    2.8343212604522705,
                    0.47553011775016785,
                    0.19599607586860657
                ],
                "extent": [
                    0.4979986250400543,
                    1.051147222518921,
                    0.5724931359291077
                ],
                "label_probs": [
                    0,
                    0.9022594094276428,
                    0,
                    0,
                    0,
                    0,
                    0,
                    0,
                    0,
                    0
                ]
            },
            {
                "class": "chair",
                "class_ID": 3,
                "confidence": 0.985694944858551,
                "centroid": [
                    2.7188572883605957,
                    1.0134482383728027,
                    0.15107721090316772
                ],
                "extent": [
                    0.5909792184829712,
                    0.5234750509262085,
                    0.8480750322341919
                ],
                "label_probs": [
                    0,
                    0,
                    0,
                    0.985694944858551,
                    0,
                    0,
                    0,
                    0,
                    0,
                    0
                ]
            },
            {
                "class": "chair",
                "class_ID": 3,
                "confidence": 0.7632526755332947,
                "centroid": [
                    0.09871043264865875,
                    2.7199461460113525,
                    0.40600812435150146
                ],
                "extent": [
                    0.4959452748298645,
                    0.5086036920547485,
                    0.9842994213104248
                ],
                "label_probs": [
                    0,
                    0,
                    0,
                    0.7632526755332947,
                    0,
                    0,
                    0,
                    0,
                    0,
                    0
                ]
            },
            {
                "class": "chair",
                "class_ID": 3,
                "confidence": 0.9342228770256042,
                "centroid": [
                    2.743543863296509,
                    -0.15272481739521027,
                    0.1951197385787964
                ],
                "extent": [
                    0.5749772787094116,
                    0.5509831309318542,
                    0.7550160884857178
                ],
                "label_probs": [
                    0,
                    0,
                    0,
                    0.9342228770256042,
                    0,
                    0,
                    0,
                    0,
                    0,
                    0
                ]
            },
            {
                "class": "chair",
                "class_ID": 3,
                "confidence": 0.9917911291122437,
                "centroid": [
                    0.6057161688804626,
                    2.841977596282959,
                    0.1791941523551941
                ],
                "extent": [
                    0.6358920931816101,
                    0.5847799181938171,
                    0.8489633798599243
                ],
                "label_probs": [
                    0,
                    0,
                    0,
                    0.9917911291122437,
                    0,
                    0,
                    0,
                    0,
                    0,
                    0
                ]
            }
        ]
        
    }
}